auto_made_with	తయారీ 
auto_in_bharat	 భారత్‌లో
auto_use_a_referral_code_to_unlock_your_rs_20_s	మీ Rs.20 సైన్ అప్ బోనస్‌ను అన్‌లాక్ చేయడానికి రెఫరల్ కోడ్‌ను ఉపయోగించండి
auto_a_clear_job_photo_helps_workers_understand	స్పష్టమైన ఉద్యోగ ఫోటో ఉంటే కార్మికులు ఆ ప్రదేశాన్ని అర్థం చేసుకుని మరింత నమ్మకంతో దరఖాస్తు చేస్తారు.
auto_enter_amount_range_10000_15000_or_text_bas	మొత్తం, శ్రేణి (10000-15000), లేదా వచనం (అనుభవం ఆధారంగా) నమోదు చేయండి
auto_new_matches_are_hidden_accepted_workers_wi	కొత్త మ్యాచ్‌లు దాచబడ్డాయి. ఎంపికైన కార్మికులు ఇక్కడే కనిపిస్తారు.
auto_you_need_an_active_subscription_to_view_wo	కార్మికుల సంప్రదింపు వివరాలు చూడటానికి మీకు యాక్టివ్ సబ్‌స్క్రిప్షన్ అవసరం. ప్రీమియం ఫీచర్లను పొందడానికి ఇప్పుడే సబ్‌స్క్రైబ్ చేయండి.
auto_no_hired_workers_selected_yet_for_this_fil	ఈ భర్తీ అయిన ఉద్యోగానికి ఇంకా ఎవరినీ నియమించలేదు.
auto_choose_the_posting_format_that_fits_your_i	మీ తక్షణ సిబ్బంది అవసరానికి సరిపోయే పోస్టింగ్ ఫార్మాట్‌ను ఎంచుకోండి.
auto_complete_your_profile_to_access_all_featur	అన్ని ఫీచర్లను పొందడానికి, మెరుగైన అభ్యర్థులను ఆకర్షించడానికి మీ ప్రొఫైల్‌ను పూర్తి చేయండి
auto_payments_are_non_refundable_verify_your_ut	చెల్లింపులు తిరిగి ఇవ్వబడవు. సమర్పించే ముందు మీ UTRని ధృవీకరించండి.
auto_your_upi_reference_has_been_submitted_admi	మీ UPI రిఫరెన్స్ సమర్పించబడింది. అడ్మిన్ దీన్ని బ్యాంకుతో ధృవీకరించి 5-10 నిమిషాల్లో మీ ప్లాన్‌ను యాక్టివేట్ చేస్తారు.
auto_app_version_1_0_5	యాప్ వెర్షన్ 1.0.5
auto_you_ve_used_all_your_job_posts_get_a_subsc	మీ ఉద్యోగ పోస్ట్‌లన్నీ వాడేశారు. మరిన్ని ఉద్యోగాలు పోస్ట్ చేసి ఉత్తమ అభ్యర్థులను వెంటనే కనుగొనడానికి సబ్‌స్క్రిప్షన్ తీసుకోండి.
auto_this_job_was_filled_your_application_is_st	ఈ ఉద్యోగం భర్తీ అయింది. మీ దరఖాస్తు ఇక్కడే భద్రంగా ఉంది.
auto_call_employer_to_confirm_availability_and	అందుబాటు, తదుపరి దశలను నిర్ధారించుకోవడానికి యజమానికి కాల్ చేయండి.
auto_employer_not_responding_try_one_call_then	యజమాని స్పందించడం లేదా? ఒకసారి కాల్ చేసి చూడండి, ఆ తర్వాత ఇలాంటి యాక్టివ్ ఉద్యోగాలకు దరఖాస్తు చేస్తూ ఉండండి.
auto_active	యాక్టివ్: 
auto_search_any_area_city_or_locality_to_see_th	అక్కడి సమీప ఉద్యోగాలు చూడటానికి ఏదైనా ప్రాంతం, నగరం లేదా లోకాలిటీని వెతకండి.
auto_we_checked_10km_and_15km_around_your_locat	మీ ప్రాంతం చుట్టూ 10కి.మీ, 15కి.మీ పరిధిలో చూశాం. మరిన్ని ఉద్యోగాల కోసం వేరే ప్రాంతాన్ని ప్రయత్నించండి.
auto_by_submitting_you_agree_to_share_your_prof	సమర్పించడం ద్వారా, మీ ప్రొఫైల్ సమాచారాన్ని యజమానితో పంచుకోవడానికి మీరు అంగీకరిస్తున్నారు.
auto_we_re_making_dutype_even_better_for_you_pl	మీ కోసం DutyPeని మరింత మెరుగ్గా తీర్చిదిద్దుతున్నాం. దయచేసి కొన్ని నిమిషాల్లో మళ్లీ చూడండి.
auto_a_new_version_of_dutype_is_available_with	ముఖ్యమైన అప్‌డేట్‌లతో DutyPe కొత్త వెర్షన్ అందుబాటులో ఉంది. కొనసాగించడానికి దయచేసి అప్‌డేట్ చేయండి.
auto_dutype_is_india_s_premier_instant_workforc	స్థానిక వ్యాపారాలు, గృహాలను (యజమానులు) ధృవీకరించిన దినసరి కూలీలు, నైపుణ్యం గల నిపుణులతో (కార్మికులు) నేరుగా కలిపే భారతదేశపు అగ్రగామి తక్షణ వర్క్‌ఫోర్స్ ప్లాట్‌ఫామ్ DutyPe. మేము మధ్యవర్తుల కమీషన్లను తొలగించి, ఫోన్ ఆధారిత నేరుగా నియామకాన్ని అందించి, పారదర్శకమైన, న్యాయమైన, తక్షణ ఉపాధి అవకాశాల కోసం GPS లొకేషన్ ఆవిష్కరణను అందిస్తాం.
refer_earn_more_to_withdraw	విత్‌డ్రా అన్‌లాక్ చేయడానికి మరో ₹%1$s సంపాదించండి (కనీసం ₹%2$s)
days_ago	%d రోజుల క్రితం
hours_ago	%d గంటల క్రితం
minutes_ago	%d నిమిషాల క్రితం
weeks_ago	%d వారాల క్రితం
months_ago	%d నెలల క్రితం
your_profile_is_complete	మీ ప్రొఫైల్ పూర్తయింది!
refer_min_withdrawal_info	కనీస ఉపసంహరణ: ₹%1$d
refer_reward_friend_bonus	మీ స్నేహితుడికి వెంటనే ₹%1$d సైన్ అప్ బోనస్ వస్తుంది
refer_reward_per_referral	ప్రతి విజయవంతమైన రెఫరల్‌కు మీరు ₹%1$d సంపాదిస్తారు
refer_withdrawal_threshold_info	మీ అందుబాటు బ్యాలెన్స్ ₹%1$dకు చేరిన తర్వాత పూర్తి బ్యాలెన్స్‌ను విత్‌డ్రా చేసుకోవచ్చు.
