"File","Used","RefCount","Why","CalledBy"
"C:/Users/vamsi/StudioProjects/DutyPe/app/src/main/java/com/example/dutype/common/screens/support/SupportScreens.kt","NO","0","No external references by file symbol",""
"C:/Users/vamsi/StudioProjects/DutyPe/app/src/main/java/com/example/dutype/components/AnnouncementBanner.kt","NO","0","No external references by file symbol",""
"C:/Users/vamsi/StudioProjects/DutyPe/app/src/main/java/com/example/dutype/components/DualRoleManager.kt","NO","0","No external references by file symbol",""
"C:/Users/vamsi/StudioProjects/DutyPe/app/src/main/java/com/example/dutype/components/OptimizedImage.kt","NO","0","No external references by file symbol",""
"C:/Users/vamsi/StudioProjects/DutyPe/app/src/main/java/com/example/dutype/components/ReferralComponents.kt","NO","0","No external references by file symbol",""
"C:/Users/vamsi/StudioProjects/DutyPe/app/src/main/java/com/example/dutype/components/SecuritySheets.kt","NO","0","No external references by file symbol",""
"C:/Users/vamsi/StudioProjects/DutyPe/app/src/main/java/com/example/dutype/components/ShareJobButton.kt","NO","0","No external references by file symbol",""
"C:/Users/vamsi/StudioProjects/DutyPe/app/src/main/java/com/example/dutype/components/ShimmerComponents.kt","NO","0","No external references by file symbol",""
"C:/Users/vamsi/StudioProjects/DutyPe/app/src/main/java/com/example/dutype/components/WhatsAppApplyButton.kt","NO","0","No external references by file symbol",""
"C:/Users/vamsi/StudioProjects/DutyPe/app/src/main/java/com/example/dutype/di/AIModule.kt","NO","0","No external references by file symbol",""
"C:/Users/vamsi/StudioProjects/DutyPe/app/src/main/java/com/example/dutype/di/AppModule.kt","NO","0","No external references by file symbol",""
"C:/Users/vamsi/StudioProjects/DutyPe/app/src/main/java/com/example/dutype/employer/components/JobSummaryComponents.kt","NO","0","No external references by file symbol",""
"C:/Users/vamsi/StudioProjects/DutyPe/app/src/main/java/com/example/dutype/employer/components/postjob/PostJobNavigationButtons.kt","NO","0","No external references by file symbol",""
"C:/Users/vamsi/StudioProjects/DutyPe/app/src/main/java/com/example/dutype/employer/components/postjob/PostJobStepIndicator.kt","NO","0","No external references by file symbol",""
"C:/Users/vamsi/StudioProjects/DutyPe/app/src/main/java/com/example/dutype/employer/components/PostJobComponents.kt","NO","0","No external references by file symbol",""
"C:/Users/vamsi/StudioProjects/DutyPe/app/src/main/java/com/example/dutype/employer/models/JobEnums.kt","NO","0","No external references by file symbol",""
"C:/Users/vamsi/StudioProjects/DutyPe/app/src/main/java/com/example/dutype/employer/screens/ProfessionalApplicantManagementScreen.kt","NO","0","No external references by file symbol",""
"C:/Users/vamsi/StudioProjects/DutyPe/app/src/main/java/com/example/dutype/employer/screens/profilescreen/EmployerFormScreen.kt","NO","0","No external references by file symbol",""
"C:/Users/vamsi/StudioProjects/DutyPe/app/src/main/java/com/example/dutype/models/EmployerTrustModels.kt","NO","0","No external references by file symbol",""
"C:/Users/vamsi/StudioProjects/DutyPe/app/src/main/java/com/example/dutype/models/NotificationModels.kt","NO","0","No external references by file symbol",""
"C:/Users/vamsi/StudioProjects/DutyPe/app/src/main/java/com/example/dutype/models/ReferralModels.kt","NO","0","No external references by file symbol",""
"C:/Users/vamsi/StudioProjects/DutyPe/app/src/main/java/com/example/dutype/models/WorkVerificationModels.kt","NO","0","No external references by file symbol",""
"C:/Users/vamsi/StudioProjects/DutyPe/app/src/main/java/com/example/dutype/navigation/CommonNavGraph.kt","NO","0","No external references by file symbol",""
"C:/Users/vamsi/StudioProjects/DutyPe/app/src/main/java/com/example/dutype/navigation/EmployerNavGraph.kt","NO","0","No external references by file symbol",""
"C:/Users/vamsi/StudioProjects/DutyPe/app/src/main/java/com/example/dutype/services/ai/AIChatModels.kt","NO","0","No external references by file symbol",""
"C:/Users/vamsi/StudioProjects/DutyPe/app/src/main/java/com/example/dutype/services/ai/AIModels.kt","NO","0","No external references by file symbol",""
"C:/Users/vamsi/StudioProjects/DutyPe/app/src/main/java/com/example/dutype/services/DutyPeMessagingService.kt","NO","0","No external references by file symbol",""
"C:/Users/vamsi/StudioProjects/DutyPe/app/src/main/java/com/example/dutype/state/LoadState.kt","NO","0","No external references by file symbol",""
"C:/Users/vamsi/StudioProjects/DutyPe/app/src/main/java/com/example/dutype/ui/theme/WorkerGradientBackground.kt","NO","0","No external references by file symbol",""
"C:/Users/vamsi/StudioProjects/DutyPe/app/src/main/java/com/example/dutype/utils/ComposableUtils.kt","NO","0","No external references by file symbol",""
"C:/Users/vamsi/StudioProjects/DutyPe/app/src/main/java/com/example/dutype/utils/ContextExtensions.kt","NO","0","No external references by file symbol",""
"C:/Users/vamsi/StudioProjects/DutyPe/app/src/main/java/com/example/dutype/utils/JobListingExtensions.kt","NO","0","No external references by file symbol",""
"C:/Users/vamsi/StudioProjects/DutyPe/app/src/main/java/com/example/dutype/utils/NetworkUtils.kt","NO","0","No external references by file symbol",""
"C:/Users/vamsi/StudioProjects/DutyPe/app/src/main/java/com/example/dutype/utils/WindowSizeUtils.kt","NO","0","No external references by file symbol",""
"C:/Users/vamsi/StudioProjects/DutyPe/app/src/main/java/com/example/dutype/worker/components/EnhancedNavigationRow.kt","NO","0","No external references by file symbol",""
"C:/Users/vamsi/StudioProjects/DutyPe/app/src/main/java/com/example/dutype/worker/components/home/HomeCategoriesSection.kt","NO","0","No external references by file symbol",""
"C:/Users/vamsi/StudioProjects/DutyPe/app/src/main/java/com/example/dutype/worker/components/home/HomeHeader.kt","NO","0","No external references by file symbol",""
"C:/Users/vamsi/StudioProjects/DutyPe/app/src/main/java/com/example/dutype/worker/components/home/HomeJobsSection.kt","NO","0","No external references by file symbol",""
"C:/Users/vamsi/StudioProjects/DutyPe/app/src/main/java/com/example/dutype/worker/components/home/HomeStates.kt","NO","0","No external references by file symbol",""
"C:/Users/vamsi/StudioProjects/DutyPe/app/src/main/java/com/example/dutype/worker/components/ProfileCompletionPrompt.kt","NO","0","No external references by file symbol",""
"C:/Users/vamsi/StudioProjects/DutyPe/app/src/main/java/com/example/dutype/worker/models/ApplicationModels.kt","NO","0","No external references by file symbol",""
"C:/Users/vamsi/StudioProjects/DutyPe/app/src/main/java/com/example/dutype/worker/models/JobCardModels.kt","NO","0","No external references by file symbol",""
"C:/Users/vamsi/StudioProjects/DutyPe/app/src/main/java/com/example/dutype/worker/screens/map/AzureMapHtml.kt","NO","0","No external references by file symbol",""
"C:/Users/vamsi/StudioProjects/DutyPe/app/src/main/java/com/example/dutype/worker/screens/map/GoogleMapView.kt","NO","0","No external references by file symbol",""
"C:/Users/vamsi/StudioProjects/DutyPe/app/src/main/java/com/example/dutype/worker/screens/NotificationDetailScreen.kt","NO","0","No external references by file symbol",""
